Image Name,BLIP Caption,Goal_1,Goal_2,Goal_3,Goal_4,TF-IDF_Goal_1,TF-IDF_Goal_2,TF-IDF_Goal_3,TF-IDF_Goal_4,SBERT_Goal_1,SBERT_Goal_2,SBERT_Goal_3,SBERT_Goal_4,Image-Goal_1,Image-Goal_2,Image-Goal_3,Image-Goal_4,Goal 1 Label,Goal 2 Label,Goal 3 Label,Goal 4 Label
0.jpg,a person holding a plant in their hands,Update Statement of Supplier Principles and disseminate it to all suppliers.,Monitor emerging risks and trends,Achieve 100% of suppliers to respond to Corporate Responsibility Questionnaire (CRQ) in all regions by 2019,"Finalize and implement supply chain policies for paper and paper products, IT and e-waste disposal and travel and logistics by 2019.",0.0,0.0,0.0718860175381171,0.0,0.0044059046,-0.06606478,-0.08333062,-0.036375396,0.188720703125,0.2054443359375,0.2274169921875,0.185791015625,0,0,0,0
1.jpg,a woman sitting at a table with her colleagues,Update Statement of Supplier Principles and disseminate it to all suppliers.,Monitor emerging risks and trends,Achieve 100% of suppliers to respond to Corporate Responsibility Questionnaire (CRQ) in all regions by 2019,"Finalize and implement supply chain policies for paper and paper products, IT and e-waste disposal and travel and logistics by 2019.",0.0,0.0,0.0,0.0,0.028285695,0.071979,0.07944462,0.04146383,0.2210693359375,0.2252197265625,0.241943359375,0.216064453125,0,0,0,0
2.jpg,solar panels on a roof,Update Statement of Supplier Principles and disseminate it to all suppliers.,Monitor emerging risks and trends,Achieve 100% of suppliers to respond to Corporate Responsibility Questionnaire (CRQ) in all regions by 2019,"Finalize and implement supply chain policies for paper and paper products, IT and e-waste disposal and travel and logistics by 2019.",0.0,0.0,0.0,0.0,-0.08949046,-0.014681188,-0.032545805,-0.048991412,0.2078857421875,0.2257080078125,0.25146484375,0.2271728515625,0,0,0,0
3.jpg,a man and woman sitting on a couch talking,Update Statement of Supplier Principles and disseminate it to all suppliers.,Monitor emerging risks and trends,Achieve 100% of suppliers to respond to Corporate Responsibility Questionnaire (CRQ) in all regions by 2019,"Finalize and implement supply chain policies for paper and paper products, IT and e-waste disposal and travel and logistics by 2019.",0.0431317446784917,0.0607752101386541,0.0,0.126565351775909,-0.009376135,-0.017079294,-0.0010185819,-0.008847335,0.1912841796875,0.2022705078125,0.21875,0.2049560546875,0,0,0,0
4.jpg,a woman standing on top of a building,Update Statement of Supplier Principles and disseminate it to all suppliers.,Monitor emerging risks and trends,Achieve 100% of suppliers to respond to Corporate Responsibility Questionnaire (CRQ) in all regions by 2019,"Finalize and implement supply chain policies for paper and paper products, IT and e-waste disposal and travel and logistics by 2019.",0.0659036634061767,0.0,0.0501916297435038,0.0,6.596325e-06,0.07516972,-0.054086275,-0.07742767,0.1961669921875,0.2117919921875,0.2117919921875,0.18115234375,0,0,0,0
5.jpg,a man in a suit sitting at a table,Update Statement of Supplier Principles and disseminate it to all suppliers.,Monitor emerging risks and trends,Achieve 100% of suppliers to respond to Corporate Responsibility Questionnaire (CRQ) in all regions by 2019,"Finalize and implement supply chain policies for paper and paper products, IT and e-waste disposal and travel and logistics by 2019.",0.0,0.0,0.0718860175381171,0.0,-0.013552656,-0.016347107,-0.00844398,0.043939885,0.22021484375,0.225830078125,0.236572265625,0.21533203125,0,0,0,0
6.jpg,a woman sitting at a table with two other people,Update Statement of Supplier Principles and disseminate it to all suppliers.,Monitor emerging risks and trends,Achieve 100% of suppliers to respond to Corporate Responsibility Questionnaire (CRQ) in all regions by 2019,"Finalize and implement supply chain policies for paper and paper products, IT and e-waste disposal and travel and logistics by 2019.",0.0,0.0,0.0,0.0,-0.0065947827,-0.03245318,-0.00054369494,0.0061472496,0.2239990234375,0.22705078125,0.24365234375,0.216552734375,0,0,0,0
7.jpg,"bill gates, ceo of the apple inc",Update Statement of Supplier Principles and disseminate it to all suppliers.,Monitor emerging risks and trends,Achieve 100% of suppliers to respond to Corporate Responsibility Questionnaire (CRQ) in all regions by 2019,"Finalize and implement supply chain policies for paper and paper products, IT and e-waste disposal and travel and logistics by 2019.",0.0605785350491208,0.0,0.04613606049257,0.0,0.14907643,0.10581648,0.15513924,0.13396809,0.1900634765625,0.23486328125,0.21630859375,0.21142578125,0,0,0,0
8.png,the logo for the new york,Update Statement of Supplier Principles and disseminate it to all suppliers.,Monitor emerging risks and trends,Achieve 100% of suppliers to respond to Corporate Responsibility Questionnaire (CRQ) in all regions by 2019,"Finalize and implement supply chain policies for paper and paper products, IT and e-waste disposal and travel and logistics by 2019.",0.0,0.0,0.0,0.0446187075138388,0.07032136,0.050266944,0.010884732,0.054595597,0.2220458984375,0.2083740234375,0.2100830078125,0.178955078125,0,0,0,0
9.jpg,a tall building with many windows and a sky background,Update Statement of Supplier Principles and disseminate it to all suppliers.,Monitor emerging risks and trends,Achieve 100% of suppliers to respond to Corporate Responsibility Questionnaire (CRQ) in all regions by 2019,"Finalize and implement supply chain policies for paper and paper products, IT and e-waste disposal and travel and logistics by 2019.",0.0400763181159835,0.0564699312127994,0.0,0.1175995392266629,-0.0062977094,0.033103913,0.006526864,-0.04253384,0.2005615234375,0.22900390625,0.2108154296875,0.185791015625,0,0,0,0
10.jpg,the logo for the euro money awards,Update Statement of Supplier Principles and disseminate it to all suppliers.,Monitor emerging risks and trends,Achieve 100% of suppliers to respond to Corporate Responsibility Questionnaire (CRQ) in all regions by 2019,"Finalize and implement supply chain policies for paper and paper products, IT and e-waste disposal and travel and logistics by 2019.",0.0,0.0,0.0,0.0419606933154603,0.086129725,0.09399408,0.10567664,0.11960903,0.205322265625,0.2452392578125,0.25732421875,0.23828125,0,0,0,0
11.jpg,the bank investment awards,Update Statement of Supplier Principles and disseminate it to all suppliers.,Monitor emerging risks and trends,Achieve 100% of suppliers to respond to Corporate Responsibility Questionnaire (CRQ) in all regions by 2019,"Finalize and implement supply chain policies for paper and paper products, IT and e-waste disposal and travel and logistics by 2019.",0.0,0.0,0.0,0.0,0.14249593,0.20469603,0.179211,0.14969543,0.178466796875,0.2301025390625,0.1917724609375,0.1959228515625,0,0,0,0
12.png,finance finance finance finance finance finance finance finance finance finance finance finance finance finance finance finance finance finance finance,Update Statement of Supplier Principles and disseminate it to all suppliers.,Monitor emerging risks and trends,Achieve 100% of suppliers to respond to Corporate Responsibility Questionnaire (CRQ) in all regions by 2019,"Finalize and implement supply chain policies for paper and paper products, IT and e-waste disposal and travel and logistics by 2019.",0.0,0.0,0.0,0.0,0.13351798,0.14382412,0.05783201,-0.040582985,0.22265625,0.2384033203125,0.26708984375,0.2314453125,0,0,0,0
13.jpg,cit panel discussion at the 2019 conference,Update Statement of Supplier Principles and disseminate it to all suppliers.,Monitor emerging risks and trends,Achieve 100% of suppliers to respond to Corporate Responsibility Questionnaire (CRQ) in all regions by 2019,"Finalize and implement supply chain policies for paper and paper products, IT and e-waste disposal and travel and logistics by 2019.",0.0,0.0,0.04613606049257,0.0334004682969803,0.123323604,0.1607978,0.31809434,0.25113055,0.15673828125,0.224365234375,0.2119140625,0.2037353515625,1,0,1,0
14.jpg,solar panels on a roof,Update Statement of Supplier Principles and disseminate it to all suppliers.,Monitor emerging risks and trends,Achieve 100% of suppliers to respond to Corporate Responsibility Questionnaire (CRQ) in all regions by 2019,"Finalize and implement supply chain policies for paper and paper products, IT and e-waste disposal and travel and logistics by 2019.",0.0,0.0,0.0,0.0,-0.08949046,-0.014681188,-0.032545805,-0.048991412,0.208984375,0.2210693359375,0.2244873046875,0.204833984375,0,0,0,0
15.jpg,a man standing on top of a roof,Update Statement of Supplier Principles and disseminate it to all suppliers.,Monitor emerging risks and trends,Achieve 100% of suppliers to respond to Corporate Responsibility Questionnaire (CRQ) in all regions by 2019,"Finalize and implement supply chain policies for paper and paper products, IT and e-waste disposal and travel and logistics by 2019.",0.0659036634061767,0.0,0.0501916297435038,0.0,-0.06285962,0.018635944,-0.065151855,-0.10343467,0.209716796875,0.22021484375,0.247314453125,0.2266845703125,0,0,0,0
16.jpg,a group of men sitting around a table talking,Update Statement of Supplier Principles and disseminate it to all suppliers.,Monitor emerging risks and trends,Achieve 100% of suppliers to respond to Corporate Responsibility Questionnaire (CRQ) in all regions by 2019,"Finalize and implement supply chain policies for paper and paper products, IT and e-waste disposal and travel and logistics by 2019.",0.0605785350491208,0.0,0.04613606049257,0.0,0.0067590643,0.021815805,0.0630368,-0.011680514,0.21923828125,0.2352294921875,0.2318115234375,0.2198486328125,0,0,0,0
17.jpg,a large ship is being loaded at the dock,Update Statement of Supplier Principles and disseminate it to all suppliers.,Monitor emerging risks and trends,Achieve 100% of suppliers to respond to Corporate Responsibility Questionnaire (CRQ) in all regions by 2019,"Finalize and implement supply chain policies for paper and paper products, IT and e-waste disposal and travel and logistics by 2019.",0.0,0.0,0.0,0.0,0.024237983,0.02027699,0.009706324,0.1563367,0.2274169921875,0.234375,0.2412109375,0.25,0,0,0,0
18.jpg,a man in a suit and tie standing at a podium,Update Statement of Supplier Principles and disseminate it to all suppliers.,Monitor emerging risks and trends,Achieve 100% of suppliers to respond to Corporate Responsibility Questionnaire (CRQ) in all regions by 2019,"Finalize and implement supply chain policies for paper and paper products, IT and e-waste disposal and travel and logistics by 2019.",0.0410678807713485,0.0578671023496187,0.0647351167233068,0.1205091705717336,0.00066884793,0.07469928,0.0369043,-0.020737443,0.183837890625,0.23095703125,0.218505859375,0.220703125,0,0,0,0
19.jpg,a man riding a bike down a street,Update Statement of Supplier Principles and disseminate it to all suppliers.,Monitor emerging risks and trends,Achieve 100% of suppliers to respond to Corporate Responsibility Questionnaire (CRQ) in all regions by 2019,"Finalize and implement supply chain policies for paper and paper products, IT and e-waste disposal and travel and logistics by 2019.",0.0,0.0,0.0,0.0,-0.023103025,-0.0047569945,-0.08013617,-0.030185092,0.1866455078125,0.210693359375,0.205078125,0.2052001953125,0,0,0,0
20.jpg,a view of the city from a hill,Update Statement of Supplier Principles and disseminate it to all suppliers.,Monitor emerging risks and trends,Achieve 100% of suppliers to respond to Corporate Responsibility Questionnaire (CRQ) in all regions by 2019,"Finalize and implement supply chain policies for paper and paper products, IT and e-waste disposal and travel and logistics by 2019.",0.0659036634061767,0.0,0.0501916297435038,0.0,-0.071704894,0.0467069,-0.03911147,-0.028647805,0.206298828125,0.212646484375,0.212646484375,0.2142333984375,0,0,0,0
21.jpg,a group of people standing on a stage,Update Statement of Supplier Principles and disseminate it to all suppliers.,Monitor emerging risks and trends,Achieve 100% of suppliers to respond to Corporate Responsibility Questionnaire (CRQ) in all regions by 2019,"Finalize and implement supply chain policies for paper and paper products, IT and e-waste disposal and travel and logistics by 2019.",0.0659036634061767,0.0,0.0501916297435038,0.0,0.004173424,0.028859345,0.07091973,-0.024779845,0.2291259765625,0.229248046875,0.2293701171875,0.238525390625,0,0,0,0
22.jpg,a rendering of the proposed apartment complex in the city,Update Statement of Supplier Principles and disseminate it to all suppliers.,Monitor emerging risks and trends,Achieve 100% of suppliers to respond to Corporate Responsibility Questionnaire (CRQ) in all regions by 2019,"Finalize and implement supply chain policies for paper and paper products, IT and e-waste disposal and travel and logistics by 2019.",0.0484061066338679,0.0,0.0914636329467644,0.0,-0.00029554963,0.03120927,0.008522759,0.03467171,0.1749267578125,0.199951171875,0.1844482421875,0.17626953125,0,0,0,0
23.png,a white background with a black and white border,Update Statement of Supplier Principles and disseminate it to all suppliers.,Monitor emerging risks and trends,Achieve 100% of suppliers to respond to Corporate Responsibility Questionnaire (CRQ) in all regions by 2019,"Finalize and implement supply chain policies for paper and paper products, IT and e-waste disposal and travel and logistics by 2019.",0.0375900080683848,0.0529665715240361,0.0,0.1103037363755617,-0.03454076,0.051601645,-0.019806748,0.0060357386,0.226806640625,0.217529296875,0.231689453125,0.2144775390625,0,0,0,0
24.jpg,a man in a hat and shirt is putting a pillow,Update Statement of Supplier Principles and disseminate it to all suppliers.,Monitor emerging risks and trends,Achieve 100% of suppliers to respond to Corporate Responsibility Questionnaire (CRQ) in all regions by 2019,"Finalize and implement supply chain policies for paper and paper products, IT and e-waste disposal and travel and logistics by 2019.",0.0410678807713485,0.0578671023496187,0.0647351167233068,0.1205091705717336,0.08487822,-0.09282167,0.025449824,0.029908087,0.1871337890625,0.2039794921875,0.206298828125,0.201171875,0,0,0,0
25.jpg,a woman and her child are sitting on a train,Update Statement of Supplier Principles and disseminate it to all suppliers.,Monitor emerging risks and trends,Achieve 100% of suppliers to respond to Corporate Responsibility Questionnaire (CRQ) in all regions by 2019,"Finalize and implement supply chain policies for paper and paper products, IT and e-waste disposal and travel and logistics by 2019.",0.0400763181159835,0.0564699312127994,0.0,0.1175995392266629,0.011148766,-0.04252216,-0.008420572,0.044905365,0.1759033203125,0.1995849609375,0.2113037109375,0.1864013671875,0,0,0,0
26.jpg,a man standing on a stage holding a microphone,Update Statement of Supplier Principles and disseminate it to all suppliers.,Monitor emerging risks and trends,Achieve 100% of suppliers to respond to Corporate Responsibility Questionnaire (CRQ) in all regions by 2019,"Finalize and implement supply chain policies for paper and paper products, IT and e-waste disposal and travel and logistics by 2019.",0.0,0.0,0.0,0.0,-0.03764867,-0.0046050586,0.013781713,-0.067849755,0.167236328125,0.189453125,0.191650390625,0.1854248046875,0,0,0,0
27.jpg,a man standing in front of a table with a basket,Update Statement of Supplier Principles and disseminate it to all suppliers.,Monitor emerging risks and trends,Achieve 100% of suppliers to respond to Corporate Responsibility Questionnaire (CRQ) in all regions by 2019,"Finalize and implement supply chain policies for paper and paper products, IT and e-waste disposal and travel and logistics by 2019.",0.05773469105029,0.0,0.1090900499488616,0.0,0.016333736,-0.007968297,-0.017161693,0.071058065,0.1710205078125,0.1959228515625,0.197021484375,0.182373046875,0,0,0,0
28.jpg,a group of people posing for a photo,Update Statement of Supplier Principles and disseminate it to all suppliers.,Monitor emerging risks and trends,Achieve 100% of suppliers to respond to Corporate Responsibility Questionnaire (CRQ) in all regions by 2019,"Finalize and implement supply chain policies for paper and paper products, IT and e-waste disposal and travel and logistics by 2019.",0.0681220599578126,0.0,0.0518811403501864,0.0546528604254826,0.00788682,0.053010892,0.062745795,0.0049876496,0.192138671875,0.206298828125,0.1873779296875,0.2310791015625,0,0,0,0
29.jpg,a woman riding a bike on a train platform,Update Statement of Supplier Principles and disseminate it to all suppliers.,Monitor emerging risks and trends,Achieve 100% of suppliers to respond to Corporate Responsibility Questionnaire (CRQ) in all regions by 2019,"Finalize and implement supply chain policies for paper and paper products, IT and e-waste disposal and travel and logistics by 2019.",0.0,0.0,0.0,0.0,-0.007410908,-0.013754815,-0.027844753,0.019113401,0.208740234375,0.2305908203125,0.224609375,0.218505859375,0,0,0,0
30.jpg,a man in a suit and tie talking to two women,Update Statement of Supplier Principles and disseminate it to all suppliers.,Monitor emerging risks and trends,Achieve 100% of suppliers to respond to Corporate Responsibility Questionnaire (CRQ) in all regions by 2019,"Finalize and implement supply chain policies for paper and paper products, IT and e-waste disposal and travel and logistics by 2019.",0.0972117704051745,0.0560901369998164,0.1535651877447612,0.1168086116748045,0.07312719,-0.010631599,0.053184614,0.00962159,0.18408203125,0.2281494140625,0.2197265625,0.2119140625,0,0,0,0
31.jpg,a man standing on a boat looking at wind turbines,Update Statement of Supplier Principles and disseminate it to all suppliers.,Monitor emerging risks and trends,Achieve 100% of suppliers to respond to Corporate Responsibility Questionnaire (CRQ) in all regions by 2019,"Finalize and implement supply chain policies for paper and paper products, IT and e-waste disposal and travel and logistics by 2019.",0.0,0.0,0.0,0.0,-0.06915212,0.08513372,-0.06514356,-0.12212488,0.20703125,0.2259521484375,0.2242431640625,0.1773681640625,0,0,0,0
32.jpg,solar panels in a field,Update Statement of Supplier Principles and disseminate it to all suppliers.,Monitor emerging risks and trends,Achieve 100% of suppliers to respond to Corporate Responsibility Questionnaire (CRQ) in all regions by 2019,"Finalize and implement supply chain policies for paper and paper products, IT and e-waste disposal and travel and logistics by 2019.",0.0,0.0,0.0894340561959681,0.0,-0.040586047,-0.003459623,0.0030727796,-0.01844544,0.203125,0.2186279296875,0.2359619140625,0.2252197265625,0,0,0,0
33.jpg,a man and a woman standing on a hill next to a wind turbine,Update Statement of Supplier Principles and disseminate it to all suppliers.,Monitor emerging risks and trends,Achieve 100% of suppliers to respond to Corporate Responsibility Questionnaire (CRQ) in all regions by 2019,"Finalize and implement supply chain policies for paper and paper products, IT and e-waste disposal and travel and logistics by 2019.",0.0894189184502064,0.0515937459563077,0.0808332514789165,0.1074448050693581,0.03576711,0.031751834,0.0030978872,-0.09184362,0.2215576171875,0.235595703125,0.2548828125,0.2335205078125,0,1,0,0
34.jpg,a tall building with many windows and bales,Update Statement of Supplier Principles and disseminate it to all suppliers.,Monitor emerging risks and trends,Achieve 100% of suppliers to respond to Corporate Responsibility Questionnaire (CRQ) in all regions by 2019,"Finalize and implement supply chain policies for paper and paper products, IT and e-waste disposal and travel and logistics by 2019.",0.0431317446784917,0.0607752101386541,0.0,0.126565351775909,-0.01669947,0.03512971,-0.010578109,-0.02779889,0.1968994140625,0.226318359375,0.2022705078125,0.1988525390625,0,0,0,0
35.jpg,a man in a yellow vest and hard hat standing in a field of grass with solar panels,Update Statement of Supplier Principles and disseminate it to all suppliers.,Monitor emerging risks and trends,Achieve 100% of suppliers to respond to Corporate Responsibility Questionnaire (CRQ) in all regions by 2019,"Finalize and implement supply chain policies for paper and paper products, IT and e-waste disposal and travel and logistics by 2019.",0.0698402844814526,0.0402970865394537,0.122076267972927,0.0839193302955999,0.004220249,-0.020855783,-0.0010900553,-0.046411827,0.20361328125,0.223388671875,0.2491455078125,0.227783203125,0,0,0,0
36.jpg,a couch in a room with a rug on the floor,Update Statement of Supplier Principles and disseminate it to all suppliers.,Monitor emerging risks and trends,Achieve 100% of suppliers to respond to Corporate Responsibility Questionnaire (CRQ) in all regions by 2019,"Finalize and implement supply chain policies for paper and paper products, IT and e-waste disposal and travel and logistics by 2019.",0.0,0.0,0.0617798904985196,0.0,-0.043644447,-0.03821862,-0.051630296,0.024092577,0.2132568359375,0.2216796875,0.220947265625,0.2264404296875,0,0,0,0
37.jpg,a man and woman sitting on a couch talking,Update Statement of Supplier Principles and disseminate it to all suppliers.,Monitor emerging risks and trends,Achieve 100% of suppliers to respond to Corporate Responsibility Questionnaire (CRQ) in all regions by 2019,"Finalize and implement supply chain policies for paper and paper products, IT and e-waste disposal and travel and logistics by 2019.",0.0431317446784917,0.0607752101386541,0.0,0.126565351775909,-0.009376135,-0.017079294,-0.0010185819,-0.008847335,0.1895751953125,0.20751953125,0.220703125,0.2044677734375,0,0,0,0
38.jpg,a young oranguel hanging from a tree,Update Statement of Supplier Principles and disseminate it to all suppliers.,Monitor emerging risks and trends,Achieve 100% of suppliers to respond to Corporate Responsibility Questionnaire (CRQ) in all regions by 2019,"Finalize and implement supply chain policies for paper and paper products, IT and e-waste disposal and travel and logistics by 2019.",0.0,0.0,0.0,0.0,-0.030332144,-0.0308473,-0.053504888,-0.018822432,0.20458984375,0.225830078125,0.2093505859375,0.177978515625,0,0,0,0
39.jpg,a blur of a car driving on a track,Update Statement of Supplier Principles and disseminate it to all suppliers.,Monitor emerging risks and trends,Achieve 100% of suppliers to respond to Corporate Responsibility Questionnaire (CRQ) in all regions by 2019,"Finalize and implement supply chain policies for paper and paper products, IT and e-waste disposal and travel and logistics by 2019.",0.0659036634061767,0.0,0.0501916297435038,0.0,-0.024125122,-0.0071699526,0.0079957545,0.0007021688,0.2127685546875,0.216064453125,0.21923828125,0.2034912109375,0,0,0,0
40.jpg,a man is riding a boat on the water,Update Statement of Supplier Principles and disseminate it to all suppliers.,Monitor emerging risks and trends,Achieve 100% of suppliers to respond to Corporate Responsibility Questionnaire (CRQ) in all regions by 2019,"Finalize and implement supply chain policies for paper and paper products, IT and e-waste disposal and travel and logistics by 2019.",0.0,0.0,0.0,0.0,-0.09836483,0.0060197413,-0.08827491,-0.0057635605,0.2193603515625,0.2347412109375,0.2432861328125,0.228515625,0,0,0,0
41.jpg,a large machine in a factory,Update Statement of Supplier Principles and disseminate it to all suppliers.,Monitor emerging risks and trends,Achieve 100% of suppliers to respond to Corporate Responsibility Questionnaire (CRQ) in all regions by 2019,"Finalize and implement supply chain policies for paper and paper products, IT and e-waste disposal and travel and logistics by 2019.",0.0,0.0,0.0894340561959681,0.0,0.20132184,-0.0085903015,0.22074479,0.27916154,0.247314453125,0.22265625,0.223388671875,0.2353515625,0,1,0,0
42.jpg,two men in suits sitting on a ledge looking at a tablet,Update Statement of Supplier Principles and disseminate it to all suppliers.,Monitor emerging risks and trends,Achieve 100% of suppliers to respond to Corporate Responsibility Questionnaire (CRQ) in all regions by 2019,"Finalize and implement supply chain policies for paper and paper products, IT and e-waste disposal and travel and logistics by 2019.",0.0,0.0,0.055007205689268,0.0,-0.07524574,0.093710646,-0.05085903,0.0040234216,0.2259521484375,0.248779296875,0.254150390625,0.223876953125,0,0,0,0
43.jpg,a woman using a water dispy machine,Update Statement of Supplier Principles and disseminate it to all suppliers.,Monitor emerging risks and trends,Achieve 100% of suppliers to respond to Corporate Responsibility Questionnaire (CRQ) in all regions by 2019,"Finalize and implement supply chain policies for paper and paper products, IT and e-waste disposal and travel and logistics by 2019.",0.0,0.0,0.0,0.0,0.05981314,-0.04031689,-0.0051184148,0.0755686,0.223876953125,0.2066650390625,0.22607421875,0.208984375,0,0,0,0
44.jpg,a man and woman looking at a model of a wind turbine,Update Statement of Supplier Principles and disseminate it to all suppliers.,Monitor emerging risks and trends,Achieve 100% of suppliers to respond to Corporate Responsibility Questionnaire (CRQ) in all regions by 2019,"Finalize and implement supply chain policies for paper and paper products, IT and e-waste disposal and travel and logistics by 2019.",0.0950017768826889,0.0548149947106854,0.0420410973973417,0.1141531073660575,-0.002105208,0.08266905,-0.021199297,-0.06508053,0.2340087890625,0.23388671875,0.2587890625,0.2242431640625,0,0,0,0
45.jpg,a rendering of the proposed tower in the city,Update Statement of Supplier Principles and disseminate it to all suppliers.,Monitor emerging risks and trends,Achieve 100% of suppliers to respond to Corporate Responsibility Questionnaire (CRQ) in all regions by 2019,"Finalize and implement supply chain policies for paper and paper products, IT and e-waste disposal and travel and logistics by 2019.",0.0509966315899444,0.0,0.0963584456098476,0.0,-0.0011047283,0.010614393,-0.0013519563,0.043120377,0.211181640625,0.245361328125,0.23046875,0.2242431640625,0,0,0,0
46.jpg,a man in a suit and tie sitting at a table with other people,Update Statement of Supplier Principles and disseminate it to all suppliers.,Monitor emerging risks and trends,Achieve 100% of suppliers to respond to Corporate Responsibility Questionnaire (CRQ) in all regions by 2019,"Finalize and implement supply chain policies for paper and paper products, IT and e-waste disposal and travel and logistics by 2019.",0.0343364437035706,0.0483821045741094,0.0541243825896329,0.1007565102796135,0.0025682375,-0.026681477,0.0053856354,0.041798797,0.240234375,0.243896484375,0.25341796875,0.2198486328125,0,0,0,0
47.jpg,the team at the city of chicago ' s city park,Update Statement of Supplier Principles and disseminate it to all suppliers.,Monitor emerging risks and trends,Achieve 100% of suppliers to respond to Corporate Responsibility Questionnaire (CRQ) in all regions by 2019,"Finalize and implement supply chain policies for paper and paper products, IT and e-waste disposal and travel and logistics by 2019.",0.0436003353208905,0.0,0.0332056182314388,0.0,-0.047774125,-0.032596316,-0.072199926,-0.040320933,0.1488037109375,0.18017578125,0.198486328125,0.161865234375,0,0,0,1
48.jpg,a group of men digging dirt in the street,Update Statement of Supplier Principles and disseminate it to all suppliers.,Monitor emerging risks and trends,Achieve 100% of suppliers to respond to Corporate Responsibility Questionnaire (CRQ) in all regions by 2019,"Finalize and implement supply chain policies for paper and paper products, IT and e-waste disposal and travel and logistics by 2019.",0.05773469105029,0.0,0.1090900499488616,0.0,0.07486567,-0.00040421076,0.043435324,0.020498265,0.1820068359375,0.1861572265625,0.2193603515625,0.1876220703125,0,0,0,0
49.jpg,a woman sitting on a subway train using her phone,Update Statement of Supplier Principles and disseminate it to all suppliers.,Monitor emerging risks and trends,Achieve 100% of suppliers to respond to Corporate Responsibility Questionnaire (CRQ) in all regions by 2019,"Finalize and implement supply chain policies for paper and paper products, IT and e-waste disposal and travel and logistics by 2019.",0.0,0.0,0.0,0.0,-0.050053395,-0.03189222,-0.057293765,0.025489353,0.2022705078125,0.2340087890625,0.2073974609375,0.2249755859375,0,0,0,0
50.png,the cover of the digital future report,Update Statement of Supplier Principles and disseminate it to all suppliers.,Monitor emerging risks and trends,Achieve 100% of suppliers to respond to Corporate Responsibility Questionnaire (CRQ) in all regions by 2019,"Finalize and implement supply chain policies for paper and paper products, IT and e-waste disposal and travel and logistics by 2019.",0.0529247023014997,0.0,0.0403069711896026,0.0,0.12484208,0.35765305,0.15575966,0.24374476,0.19921875,0.249755859375,0.2117919921875,0.2177734375,0,0,0,0
51.jpg,a woman sitting at a table with two men in the background,Update Statement of Supplier Principles and disseminate it to all suppliers.,Monitor emerging risks and trends,Achieve 100% of suppliers to respond to Corporate Responsibility Questionnaire (CRQ) in all regions by 2019,"Finalize and implement supply chain policies for paper and paper products, IT and e-waste disposal and travel and logistics by 2019.",0.0,0.0,0.055007205689268,0.0,0.014764894,5.6575984e-05,0.0033521447,0.0018416494,0.216796875,0.2161865234375,0.243896484375,0.207275390625,0,0,0,0
52.jpg,a man and woman sitting on chairs in front of a screen,Update Statement of Supplier Principles and disseminate it to all suppliers.,Monitor emerging risks and trends,Achieve 100% of suppliers to respond to Corporate Responsibility Questionnaire (CRQ) in all regions by 2019,"Finalize and implement supply chain policies for paper and paper products, IT and e-waste disposal and travel and logistics by 2019.",0.091254383622124,0.0526527894499315,0.1001895912835339,0.1096502801637375,0.024176724,0.044576086,0.019583516,0.027531838,0.1529541015625,0.205078125,0.1812744140625,0.1832275390625,1,0,1,0
53.png,privacy protection for data protection,Update Statement of Supplier Principles and disseminate it to all suppliers.,Monitor emerging risks and trends,Achieve 100% of suppliers to respond to Corporate Responsibility Questionnaire (CRQ) in all regions by 2019,"Finalize and implement supply chain policies for paper and paper products, IT and e-waste disposal and travel and logistics by 2019.",0.0,0.0,0.0,0.0478556226203307,0.116892524,0.14435124,0.055512868,0.11821037,0.22265625,0.2330322265625,0.2265625,0.2080078125,0,0,0,0
54.jpg,"a man with a beard and a beard, looking at his laptop",Update Statement of Supplier Principles and disseminate it to all suppliers.,Monitor emerging risks and trends,Achieve 100% of suppliers to respond to Corporate Responsibility Questionnaire (CRQ) in all regions by 2019,"Finalize and implement supply chain policies for paper and paper products, IT and e-waste disposal and travel and logistics by 2019.",0.0337505673972428,0.0475565697876604,0.0,0.0990373208204278,-0.019408759,0.040395394,0.0019693114,0.07140557,0.193603515625,0.2308349609375,0.2061767578125,0.2178955078125,0,0,0,0
55.jpg,a man and woman talking to each other people,Update Statement of Supplier Principles and disseminate it to all suppliers.,Monitor emerging risks and trends,Achieve 100% of suppliers to respond to Corporate Responsibility Questionnaire (CRQ) in all regions by 2019,"Finalize and implement supply chain policies for paper and paper products, IT and e-waste disposal and travel and logistics by 2019.",0.1017805472605865,0.0587262716846755,0.0920079633590977,0.1222984045189048,0.042366937,-0.01498612,0.0671964,-0.01020488,0.2138671875,0.232421875,0.236083984375,0.2259521484375,0,0,0,0
56.jpg,a group of people in blue shirts and blue shirts are holding a banner,Update Statement of Supplier Principles and disseminate it to all suppliers.,Monitor emerging risks and trends,Achieve 100% of suppliers to respond to Corporate Responsibility Questionnaire (CRQ) in all regions by 2019,"Finalize and implement supply chain policies for paper and paper products, IT and e-waste disposal and travel and logistics by 2019.",0.0697257383256719,0.0402309946501304,0.0765529604990729,0.0837816928739826,0.06378599,0.056321554,0.10750291,0.052762933,0.1622314453125,0.1822509765625,0.1971435546875,0.174560546875,1,0,0,0
57.jpg,people walking down the street holding rainbow flags,Update Statement of Supplier Principles and disseminate it to all suppliers.,Monitor emerging risks and trends,Achieve 100% of suppliers to respond to Corporate Responsibility Questionnaire (CRQ) in all regions by 2019,"Finalize and implement supply chain policies for paper and paper products, IT and e-waste disposal and travel and logistics by 2019.",0.0,0.0,0.0,0.0,-0.0503378,0.06687807,-0.021925278,0.026293362,0.1689453125,0.1893310546875,0.1981201171875,0.1607666015625,0,0,0,0
58.jpg,a group of people standing in a room,Update Statement of Supplier Principles and disseminate it to all suppliers.,Monitor emerging risks and trends,Achieve 100% of suppliers to respond to Corporate Responsibility Questionnaire (CRQ) in all regions by 2019,"Finalize and implement supply chain policies for paper and paper products, IT and e-waste disposal and travel and logistics by 2019.",0.0681220599578126,0.0,0.1287170466876482,0.0,0.028090106,0.056218438,0.08973109,-0.031634934,0.1689453125,0.20068359375,0.1865234375,0.2008056640625,0,0,0,0
59.jpg,a man in a wheelchair speaking into a microphone,Update Statement of Supplier Principles and disseminate it to all suppliers.,Monitor emerging risks and trends,Achieve 100% of suppliers to respond to Corporate Responsibility Questionnaire (CRQ) in all regions by 2019,"Finalize and implement supply chain policies for paper and paper products, IT and e-waste disposal and travel and logistics by 2019.",0.0,0.0,0.0718860175381171,0.0,0.026076924,-0.068569936,0.08154732,-0.0030352473,0.21630859375,0.2294921875,0.213623046875,0.2032470703125,0,0,0,0
60.jpg,two people sitting at a table with a laptop,Update Statement of Supplier Principles and disseminate it to all suppliers.,Monitor emerging risks and trends,Achieve 100% of suppliers to respond to Corporate Responsibility Questionnaire (CRQ) in all regions by 2019,"Finalize and implement supply chain policies for paper and paper products, IT and e-waste disposal and travel and logistics by 2019.",0.0,0.0,0.0,0.0,-0.004689372,0.0032571312,0.0059252214,0.05812773,0.2181396484375,0.239013671875,0.2406005859375,0.2232666015625,0,0,0,0
61.jpg,two women standing in front of a computer,Update Statement of Supplier Principles and disseminate it to all suppliers.,Monitor emerging risks and trends,Achieve 100% of suppliers to respond to Corporate Responsibility Questionnaire (CRQ) in all regions by 2019,"Finalize and implement supply chain policies for paper and paper products, IT and e-waste disposal and travel and logistics by 2019.",0.06228793916724,0.0,0.1176934399639734,0.0,-0.02076609,0.09314883,-0.013565651,-0.0070901252,0.2200927734375,0.2335205078125,0.230712890625,0.2001953125,0,0,0,0
62.jpg,three people sitting on a bench in the woods,Update Statement of Supplier Principles and disseminate it to all suppliers.,Monitor emerging risks and trends,Achieve 100% of suppliers to respond to Corporate Responsibility Questionnaire (CRQ) in all regions by 2019,"Finalize and implement supply chain policies for paper and paper products, IT and e-waste disposal and travel and logistics by 2019.",0.0,0.0,0.0617798904985196,0.0,0.0016520172,0.028289814,-0.0328929,-0.02105784,0.2088623046875,0.2177734375,0.2491455078125,0.2271728515625,0,0,0,0
63.jpg,a group of people standing in front of a crowd with balloons,Update Statement of Supplier Principles and disseminate it to all suppliers.,Monitor emerging risks and trends,Achieve 100% of suppliers to respond to Corporate Responsibility Questionnaire (CRQ) in all regions by 2019,"Finalize and implement supply chain policies for paper and paper products, IT and e-waste disposal and travel and logistics by 2019.",0.1001101850505028,0.0,0.1331631824662938,0.0,0.006013423,0.064581096,0.045463886,-0.017518947,0.1781005859375,0.2059326171875,0.21826171875,0.1676025390625,0,0,0,0
64.jpg,a woman in a library holding a card,Update Statement of Supplier Principles and disseminate it to all suppliers.,Monitor emerging risks and trends,Achieve 100% of suppliers to respond to Corporate Responsibility Questionnaire (CRQ) in all regions by 2019,"Finalize and implement supply chain policies for paper and paper products, IT and e-waste disposal and travel and logistics by 2019.",0.0,0.0,0.0792382000630294,0.0,-0.017885739,0.029911634,-0.05799684,0.11253235,0.21337890625,0.2222900390625,0.2283935546875,0.232666015625,0,0,0,0
65.jpg,two people are sitting at a table with a tablet and a tablet screen,Update Statement of Supplier Principles and disseminate it to all suppliers.,Monitor emerging risks and trends,Achieve 100% of suppliers to respond to Corporate Responsibility Questionnaire (CRQ) in all regions by 2019,"Finalize and implement supply chain policies for paper and paper products, IT and e-waste disposal and travel and logistics by 2019.",0.0308892020597826,0.0435247347444951,0.0,0.0906409595511461,-0.013133131,0.012389939,-0.02094308,0.020838039,0.232177734375,0.252685546875,0.24755859375,0.23974609375,0,1,0,0
66.jpg,a woman in glasses sitting at a table,Update Statement of Supplier Principles and disseminate it to all suppliers.,Monitor emerging risks and trends,Achieve 100% of suppliers to respond to Corporate Responsibility Questionnaire (CRQ) in all regions by 2019,"Finalize and implement supply chain policies for paper and paper products, IT and e-waste disposal and travel and logistics by 2019.",0.0,0.0,0.0718860175381171,0.0,0.009077601,-0.0041540116,0.0184394,-0.02224766,0.211181640625,0.21875,0.236328125,0.2108154296875,0,0,0,0
67.jpg,a man in a suit signing a document,Update Statement of Supplier Principles and disseminate it to all suppliers.,Monitor emerging risks and trends,Achieve 100% of suppliers to respond to Corporate Responsibility Questionnaire (CRQ) in all regions by 2019,"Finalize and implement supply chain policies for paper and paper products, IT and e-waste disposal and travel and logistics by 2019.",0.0,0.0,0.0792382000630294,0.0,-0.008270381,0.0019926596,-0.043390445,0.097378656,0.2401123046875,0.2432861328125,0.255126953125,0.224365234375,0,0,0,0
68.jpg,a man and woman working on a calcula,Update Statement of Supplier Principles and disseminate it to all suppliers.,Monitor emerging risks and trends,Achieve 100% of suppliers to respond to Corporate Responsibility Questionnaire (CRQ) in all regions by 2019,"Finalize and implement supply chain policies for paper and paper products, IT and e-waste disposal and travel and logistics by 2019.",0.0470128466521754,0.0662439151441764,0.0,0.1379540178324067,0.07929065,-0.04179934,0.020533457,0.07834065,0.216552734375,0.238525390625,0.2335205078125,0.231201171875,0,1,0,0
69.jpg,a man and woman shaking hands in an office,Update Statement of Supplier Principles and disseminate it to all suppliers.,Monitor emerging risks and trends,Achieve 100% of suppliers to respond to Corporate Responsibility Questionnaire (CRQ) in all regions by 2019,"Finalize and implement supply chain policies for paper and paper products, IT and e-waste disposal and travel and logistics by 2019.",0.0410678807713485,0.0578671023496187,0.0647351167233068,0.1205091705717336,0.069130495,0.03198335,0.059690308,0.03985668,0.2298583984375,0.2177734375,0.2462158203125,0.2291259765625,0,0,0,0
70.jpg,a man standing next to a pile of ivory tusks,Update Statement of Supplier Principles and disseminate it to all suppliers.,Monitor emerging risks and trends,Achieve 100% of suppliers to respond to Corporate Responsibility Questionnaire (CRQ) in all regions by 2019,"Finalize and implement supply chain policies for paper and paper products, IT and e-waste disposal and travel and logistics by 2019.",0.1185715362371279,0.0,0.1376892954205595,0.0,0.035818383,-0.03305453,0.02105521,0.03772299,0.2298583984375,0.2216796875,0.2076416015625,0.2039794921875,0,0,0,0
71.jpg,two women shaking hands in front of a window,Update Statement of Supplier Principles and disseminate it to all suppliers.,Monitor emerging risks and trends,Achieve 100% of suppliers to respond to Corporate Responsibility Questionnaire (CRQ) in all regions by 2019,"Finalize and implement supply chain policies for paper and paper products, IT and e-waste disposal and travel and logistics by 2019.",0.05773469105029,0.0,0.1090900499488616,0.0,-0.02199471,0.035659295,-0.028906807,-0.14187348,0.2197265625,0.2225341796875,0.2362060546875,0.222412109375,0,0,0,0
72.jpg,a man in a suit and tie is standing on a ledge,Update Statement of Supplier Principles and disseminate it to all suppliers.,Monitor emerging risks and trends,Achieve 100% of suppliers to respond to Corporate Responsibility Questionnaire (CRQ) in all regions by 2019,"Finalize and implement supply chain policies for paper and paper products, IT and e-waste disposal and travel and logistics by 2019.",0.0384045726288431,0.0541143417499421,0.060536956013843,0.1126939863157643,-0.053605728,0.104407616,-0.029439392,-0.04260846,0.224609375,0.2227783203125,0.224365234375,0.1982421875,0,0,0,0
73.jpg,a woman standing on the steps of a building,Update Statement of Supplier Principles and disseminate it to all suppliers.,Monitor emerging risks and trends,Achieve 100% of suppliers to respond to Corporate Responsibility Questionnaire (CRQ) in all regions by 2019,"Finalize and implement supply chain policies for paper and paper products, IT and e-waste disposal and travel and logistics by 2019.",0.0605785350491208,0.0,0.04613606049257,0.0,0.043348096,0.063023575,0.014248101,-0.030607695,0.2010498046875,0.2188720703125,0.2020263671875,0.183837890625,0,0,0,0
74.png,the logo for the community of the city of charlotte,Update Statement of Supplier Principles and disseminate it to all suppliers.,Monitor emerging risks and trends,Achieve 100% of suppliers to respond to Corporate Responsibility Questionnaire (CRQ) in all regions by 2019,"Finalize and implement supply chain policies for paper and paper products, IT and e-waste disposal and travel and logistics by 2019.",0.0782861668146164,0.0,0.0596220315489947,0.0314036521415746,-0.015072085,0.047887288,0.05870772,0.0015193243,0.25927734375,0.2294921875,0.26123046875,0.23193359375,0,0,0,0
75.jpg,a poster with a picture of a man in a suit,Update Statement of Supplier Principles and disseminate it to all suppliers.,Monitor emerging risks and trends,Achieve 100% of suppliers to respond to Corporate Responsibility Questionnaire (CRQ) in all regions by 2019,"Finalize and implement supply chain policies for paper and paper products, IT and e-waste disposal and travel and logistics by 2019.",0.06228793916724,0.0,0.1176934399639734,0.0,0.022752635,0.0071998704,0.053561505,0.13881466,0.253662109375,0.2313232421875,0.246337890625,0.20947265625,0,0,0,0
76.tiff,patent patent patent patent patent patent patent patent patent patent patent patent patent patent patent patent patent patent patent,Update Statement of Supplier Principles and disseminate it to all suppliers.,Monitor emerging risks and trends,Achieve 100% of suppliers to respond to Corporate Responsibility Questionnaire (CRQ) in all regions by 2019,"Finalize and implement supply chain policies for paper and paper products, IT and e-waste disposal and travel and logistics by 2019.",0.0,0.0,0.0,0.0,0.19135958,0.03570227,0.02366958,0.07534422,0.2415771484375,0.2193603515625,0.194091796875,0.2093505859375,0,0,0,0
77.tiff,a square with a line of symmetry,Update Statement of Supplier Principles and disseminate it to all suppliers.,Monitor emerging risks and trends,Achieve 100% of suppliers to respond to Corporate Responsibility Questionnaire (CRQ) in all regions by 2019,"Finalize and implement supply chain policies for paper and paper products, IT and e-waste disposal and travel and logistics by 2019.",0.0729358609700043,0.0,0.0555472873528761,0.0,-0.071845286,-0.04978275,-0.012363004,-0.05876389,0.204833984375,0.218505859375,0.1993408203125,0.20654296875,0,0,0,0
78.tiff,a black and white image of a face,Update Statement of Supplier Principles and disseminate it to all suppliers.,Monitor emerging risks and trends,Achieve 100% of suppliers to respond to Corporate Responsibility Questionnaire (CRQ) in all regions by 2019,"Finalize and implement supply chain policies for paper and paper products, IT and e-waste disposal and travel and logistics by 2019.",0.1212704315311248,0.0699717234883891,0.0536657543754499,0.1457172386153879,-0.038733568,-0.008755112,-0.038454197,-0.056534655,0.193603515625,0.208251953125,0.193115234375,0.2034912109375,0,0,0,0
79.tiff,a black and white image of a barcode,Update Statement of Supplier Principles and disseminate it to all suppliers.,Monitor emerging risks and trends,Achieve 100% of suppliers to respond to Corporate Responsibility Questionnaire (CRQ) in all regions by 2019,"Finalize and implement supply chain policies for paper and paper products, IT and e-waste disposal and travel and logistics by 2019.",0.1212704315311248,0.0699717234883891,0.0536657543754499,0.1457172386153879,0.0028182855,0.03088808,-0.007778708,0.052107688,0.203857421875,0.2020263671875,0.20849609375,0.214111328125,0,0,0,0
80.tiff,"a black and white image of a text that reads, ' i ' m '",Update Statement of Supplier Principles and disseminate it to all suppliers.,Monitor emerging risks and trends,Achieve 100% of suppliers to respond to Corporate Responsibility Questionnaire (CRQ) in all regions by 2019,"Finalize and implement supply chain policies for paper and paper products, IT and e-waste disposal and travel and logistics by 2019.",0.1017805472605865,0.0587262716846755,0.0450409038751018,0.1222984045189048,-0.053447317,0.051111683,-0.044585466,-0.018755902,0.199462890625,0.1964111328125,0.199462890625,0.211181640625,0,0,0,0
81.tiff,a black and white image of a person with a hat,Update Statement of Supplier Principles and disseminate it to all suppliers.,Monitor emerging risks and trends,Achieve 100% of suppliers to respond to Corporate Responsibility Questionnaire (CRQ) in all regions by 2019,"Finalize and implement supply chain policies for paper and paper products, IT and e-waste disposal and travel and logistics by 2019.",0.1017805472605865,0.0587262716846755,0.0450409038751018,0.1222984045189048,-0.028449744,0.01630089,-0.04937919,-0.039572705,0.210693359375,0.216064453125,0.21728515625,0.2156982421875,0,0,0,0
82.tiff,a black and white image of a person ' s feet,Update Statement of Supplier Principles and disseminate it to all suppliers.,Monitor emerging risks and trends,Achieve 100% of suppliers to respond to Corporate Responsibility Questionnaire (CRQ) in all regions by 2019,"Finalize and implement supply chain policies for paper and paper products, IT and e-waste disposal and travel and logistics by 2019.",0.1102538948223397,0.0636153013114881,0.0487906108996881,0.1324798872838129,0.011284022,-0.02888788,-0.07358057,-0.035837978,0.2054443359375,0.205810546875,0.20751953125,0.2149658203125,0,0,0,0
83.tiff,a black and white image of a barcode,Update Statement of Supplier Principles and disseminate it to all suppliers.,Monitor emerging risks and trends,Achieve 100% of suppliers to respond to Corporate Responsibility Questionnaire (CRQ) in all regions by 2019,"Finalize and implement supply chain policies for paper and paper products, IT and e-waste disposal and travel and logistics by 2019.",0.1212704315311248,0.0699717234883891,0.0536657543754499,0.1457172386153879,0.0028182855,0.03088808,-0.007778708,0.052107688,0.2127685546875,0.2142333984375,0.2119140625,0.221435546875,0,0,0,0
84.tiff,a black and white image of a cross,Update Statement of Supplier Principles and disseminate it to all suppliers.,Monitor emerging risks and trends,Achieve 100% of suppliers to respond to Corporate Responsibility Questionnaire (CRQ) in all regions by 2019,"Finalize and implement supply chain policies for paper and paper products, IT and e-waste disposal and travel and logistics by 2019.",0.1212704315311248,0.0699717234883891,0.0536657543754499,0.1457172386153879,-0.019439664,0.04604781,0.017866477,-0.030164516,0.1993408203125,0.1922607421875,0.1976318359375,0.2125244140625,0,0,0,0
85.tiff,a black and white image of a dog,Update Statement of Supplier Principles and disseminate it to all suppliers.,Monitor emerging risks and trends,Achieve 100% of suppliers to respond to Corporate Responsibility Questionnaire (CRQ) in all regions by 2019,"Finalize and implement supply chain policies for paper and paper products, IT and e-waste disposal and travel and logistics by 2019.",0.1212704315311248,0.0699717234883891,0.0536657543754499,0.1457172386153879,-0.02437941,-0.0027075894,-0.0549054,0.013116176,0.1864013671875,0.203369140625,0.1820068359375,0.1993408203125,0,0,0,0
86.tiff,a black and white image of a small square,Update Statement of Supplier Principles and disseminate it to all suppliers.,Monitor emerging risks and trends,Achieve 100% of suppliers to respond to Corporate Responsibility Questionnaire (CRQ) in all regions by 2019,"Finalize and implement supply chain policies for paper and paper products, IT and e-waste disposal and travel and logistics by 2019.",0.1102538948223397,0.0636153013114881,0.0487906108996881,0.1324798872838129,-0.06737484,-0.024430614,-0.043425005,0.012951028,0.2054443359375,0.2076416015625,0.20849609375,0.2142333984375,0,0,0,0
87.tiff,"a black and white image of a text that reads, ' the word is not in the same",Update Statement of Supplier Principles and disseminate it to all suppliers.,Monitor emerging risks and trends,Achieve 100% of suppliers to respond to Corporate Responsibility Questionnaire (CRQ) in all regions by 2019,"Finalize and implement supply chain policies for paper and paper products, IT and e-waste disposal and travel and logistics by 2019.",0.0674264769595934,0.038904345783597,0.0740285660823035,0.0810189252900805,0.052202903,0.001618268,-0.011733815,-0.029510584,0.2044677734375,0.1922607421875,0.1722412109375,0.2039794921875,0,0,0,0
88.tiff,a black and white image of a number of small squares,Update Statement of Supplier Principles and disseminate it to all suppliers.,Monitor emerging risks and trends,Achieve 100% of suppliers to respond to Corporate Responsibility Questionnaire (CRQ) in all regions by 2019,"Finalize and implement supply chain policies for paper and paper products, IT and e-waste disposal and travel and logistics by 2019.",0.1473907983302721,0.0536347524146133,0.0822717893907053,0.1116952338179056,-0.08909469,-0.016684812,-0.039631445,0.02552153,0.200927734375,0.205322265625,0.20654296875,0.21533203125,0,0,0,0
89.tiff,a black and white image of a person ' s face,Update Statement of Supplier Principles and disseminate it to all suppliers.,Monitor emerging risks and trends,Achieve 100% of suppliers to respond to Corporate Responsibility Questionnaire (CRQ) in all regions by 2019,"Finalize and implement supply chain policies for paper and paper products, IT and e-waste disposal and travel and logistics by 2019.",0.1102538948223397,0.0636153013114881,0.0487906108996881,0.1324798872838129,-0.06328124,-0.012532245,-0.0638117,-0.06950052,0.2320556640625,0.22265625,0.241455078125,0.2376708984375,0,0,0,0
90.tiff,a black and white image of a dog,Update Statement of Supplier Principles and disseminate it to all suppliers.,Monitor emerging risks and trends,Achieve 100% of suppliers to respond to Corporate Responsibility Questionnaire (CRQ) in all regions by 2019,"Finalize and implement supply chain policies for paper and paper products, IT and e-waste disposal and travel and logistics by 2019.",0.1212704315311248,0.0699717234883891,0.0536657543754499,0.1457172386153879,-0.02437941,-0.0027075894,-0.0549054,0.013116176,0.205810546875,0.2100830078125,0.1995849609375,0.2054443359375,0,0,0,0
91.tiff,the logo for the new logo,Update Statement of Supplier Principles and disseminate it to all suppliers.,Monitor emerging risks and trends,Achieve 100% of suppliers to respond to Corporate Responsibility Questionnaire (CRQ) in all regions by 2019,"Finalize and implement supply chain policies for paper and paper products, IT and e-waste disposal and travel and logistics by 2019.",0.0,0.0,0.0,0.0397273352542092,0.1692833,0.06734075,0.03882496,0.047058962,0.212158203125,0.2064208984375,0.2047119140625,0.210693359375,0,0,0,0
92.tiff,the logo for the new york school of medicine,Update Statement of Supplier Principles and disseminate it to all suppliers.,Monitor emerging risks and trends,Achieve 100% of suppliers to respond to Corporate Responsibility Questionnaire (CRQ) in all regions by 2019,"Finalize and implement supply chain policies for paper and paper products, IT and e-waste disposal and travel and logistics by 2019.",0.0484061066338679,0.0,0.0368656498883482,0.0388351760243329,0.17827561,0.10805013,0.0023038322,0.048005857,0.2042236328125,0.2093505859375,0.2056884765625,0.2144775390625,0,0,0,0
93.tiff,a pixel style image of a snake,Update Statement of Supplier Principles and disseminate it to all suppliers.,Monitor emerging risks and trends,Achieve 100% of suppliers to respond to Corporate Responsibility Questionnaire (CRQ) in all regions by 2019,"Finalize and implement supply chain policies for paper and paper products, IT and e-waste disposal and travel and logistics by 2019.",0.0729358609700043,0.0,0.0555472873528761,0.0,-0.06937476,-0.048895553,-0.03703951,-0.092492014,0.18896484375,0.194580078125,0.1800537109375,0.1981201171875,0,0,0,0
94.tiff,a black and white image of a line of stars,Update Statement of Supplier Principles and disseminate it to all suppliers.,Monitor emerging risks and trends,Achieve 100% of suppliers to respond to Corporate Responsibility Questionnaire (CRQ) in all regions by 2019,"Finalize and implement supply chain policies for paper and paper products, IT and e-waste disposal and travel and logistics by 2019.",0.157412972784247,0.0572817700818255,0.0878660478875397,0.1192902067177209,-0.050380375,0.017973965,-0.042980127,-0.02908612,0.211669921875,0.2135009765625,0.2257080078125,0.2281494140625,0,0,0,0
95.tiff,a black and white image of a dragon,Update Statement of Supplier Principles and disseminate it to all suppliers.,Monitor emerging risks and trends,Achieve 100% of suppliers to respond to Corporate Responsibility Questionnaire (CRQ) in all regions by 2019,"Finalize and implement supply chain policies for paper and paper products, IT and e-waste disposal and travel and logistics by 2019.",0.1212704315311248,0.0699717234883891,0.0536657543754499,0.1457172386153879,-0.0363512,-0.015036696,-0.021998327,-0.046395827,0.1907958984375,0.1934814453125,0.1751708984375,0.1820068359375,0,0,0,0
96.tiff,a black and white image of a line of lines,Update Statement of Supplier Principles and disseminate it to all suppliers.,Monitor emerging risks and trends,Achieve 100% of suppliers to respond to Corporate Responsibility Questionnaire (CRQ) in all regions by 2019,"Finalize and implement supply chain policies for paper and paper products, IT and e-waste disposal and travel and logistics by 2019.",0.157412972784247,0.0572817700818255,0.0878660478875397,0.1192902067177209,0.009427477,0.042950694,0.009786611,0.013412857,0.217041015625,0.20361328125,0.2073974609375,0.22119140625,0,0,0,0
97.tiff,a black and white photo of a bird,Update Statement of Supplier Principles and disseminate it to all suppliers.,Monitor emerging risks and trends,Achieve 100% of suppliers to respond to Corporate Responsibility Questionnaire (CRQ) in all regions by 2019,"Finalize and implement supply chain policies for paper and paper products, IT and e-waste disposal and travel and logistics by 2019.",0.1212704315311248,0.0699717234883891,0.0536657543754499,0.1457172386153879,0.013256355,0.03433729,-0.01465961,-0.06803465,0.20751953125,0.215087890625,0.2158203125,0.2181396484375,0,0,0,0
98.png,a white sheet with a black and white image of a man in a suit,Update Statement of Supplier Principles and disseminate it to all suppliers.,Monitor emerging risks and trends,Achieve 100% of suppliers to respond to Corporate Responsibility Questionnaire (CRQ) in all regions by 2019,"Finalize and implement supply chain policies for paper and paper products, IT and e-waste disposal and travel and logistics by 2019.",0.0783529305360304,0.0452087909703279,0.0860248875142125,0.0941480337043521,0.006289877,0.004504644,0.0105692,0.14223506,0.226318359375,0.2183837890625,0.2322998046875,0.21435546875,0,0,0,0
99.tiff,a list of the various types of the american army,Update Statement of Supplier Principles and disseminate it to all suppliers.,Monitor emerging risks and trends,Achieve 100% of suppliers to respond to Corporate Responsibility Questionnaire (CRQ) in all regions by 2019,"Finalize and implement supply chain policies for paper and paper products, IT and e-waste disposal and travel and logistics by 2019.",0.0936453606373557,0.0,0.0713194536597873,0.0,0.10708815,0.004784949,0.052036792,0.0076336134,0.254638671875,0.232666015625,0.21337890625,0.232666015625,0,0,0,0
100.png,a white sheet with a black and white image,Update Statement of Supplier Principles and disseminate it to all suppliers.,Monitor emerging risks and trends,Achieve 100% of suppliers to respond to Corporate Responsibility Questionnaire (CRQ) in all regions by 2019,"Finalize and implement supply chain policies for paper and paper products, IT and e-waste disposal and travel and logistics by 2019.",0.0375900080683848,0.0529665715240361,0.0,0.1103037363755617,0.012987815,0.0147346305,0.014994185,0.14370936,0.2264404296875,0.218505859375,0.232177734375,0.214599609375,0,0,0,0
101.tiff,patent patent patent patent patent patent patent patent patent patent patent patent patent patent patent patent patent patent patent,Update Statement of Supplier Principles and disseminate it to all suppliers.,Monitor emerging risks and trends,Achieve 100% of suppliers to respond to Corporate Responsibility Questionnaire (CRQ) in all regions by 2019,"Finalize and implement supply chain policies for paper and paper products, IT and e-waste disposal and travel and logistics by 2019.",0.0,0.0,0.0,0.0,0.19135958,0.03570227,0.02366958,0.07534422,0.255615234375,0.232666015625,0.216064453125,0.23095703125,0,0,0,0
102.png,a white sheet with a black and white image,Update Statement of Supplier Principles and disseminate it to all suppliers.,Monitor emerging risks and trends,Achieve 100% of suppliers to respond to Corporate Responsibility Questionnaire (CRQ) in all regions by 2019,"Finalize and implement supply chain policies for paper and paper products, IT and e-waste disposal and travel and logistics by 2019.",0.0375900080683848,0.0529665715240361,0.0,0.1103037363755617,0.012987815,0.0147346305,0.014994185,0.14370936,0.2264404296875,0.218505859375,0.232177734375,0.21435546875,0,0,0,0
103.tiff,patent patent patent patent patent patent patent patent patent patent patent patent patent patent patent patent patent patent patent,Update Statement of Supplier Principles and disseminate it to all suppliers.,Monitor emerging risks and trends,Achieve 100% of suppliers to respond to Corporate Responsibility Questionnaire (CRQ) in all regions by 2019,"Finalize and implement supply chain policies for paper and paper products, IT and e-waste disposal and travel and logistics by 2019.",0.0,0.0,0.0,0.0,0.19135958,0.03570227,0.02366958,0.07534422,0.26025390625,0.236572265625,0.2176513671875,0.2296142578125,0,0,0,0
104.png,a white background with a black and white image,Update Statement of Supplier Principles and disseminate it to all suppliers.,Monitor emerging risks and trends,Achieve 100% of suppliers to respond to Corporate Responsibility Questionnaire (CRQ) in all regions by 2019,"Finalize and implement supply chain policies for paper and paper products, IT and e-waste disposal and travel and logistics by 2019.",0.0375900080683848,0.0529665715240361,0.0,0.1103037363755617,-0.005030176,0.01879557,-0.019774653,0.019193497,0.2276611328125,0.2183837890625,0.2247314453125,0.2196044921875,0,0,0,0
105.tiff,a list of the names of the various names of the names,Update Statement of Supplier Principles and disseminate it to all suppliers.,Monitor emerging risks and trends,Achieve 100% of suppliers to respond to Corporate Responsibility Questionnaire (CRQ) in all regions by 2019,"Finalize and implement supply chain policies for paper and paper products, IT and e-waste disposal and travel and logistics by 2019.",0.0941310940170616,0.0,0.0716893837772984,0.0,0.040955372,0.09819089,0.03356401,-0.029986471,0.258056640625,0.2293701171875,0.208984375,0.230224609375,0,0,0,0
106.jpg,a white sheet with a red and black text,Update Statement of Supplier Principles and disseminate it to all suppliers.,Monitor emerging risks and trends,Achieve 100% of suppliers to respond to Corporate Responsibility Questionnaire (CRQ) in all regions by 2019,"Finalize and implement supply chain policies for paper and paper products, IT and e-waste disposal and travel and logistics by 2019.",0.0431317446784917,0.0607752101386541,0.0,0.126565351775909,0.093472175,0.05913731,0.066794634,0.14001873,0.2274169921875,0.2132568359375,0.2247314453125,0.2183837890625,0,0,0,0
107.tiff,a text description for the text in the text editor,Update Statement of Supplier Principles and disseminate it to all suppliers.,Monitor emerging risks and trends,Achieve 100% of suppliers to respond to Corporate Responsibility Questionnaire (CRQ) in all regions by 2019,"Finalize and implement supply chain policies for paper and paper products, IT and e-waste disposal and travel and logistics by 2019.",0.0,0.0,0.0423238965972625,0.03056718857675,0.099020034,0.08825075,0.06612818,-0.0058176965,0.2496337890625,0.2283935546875,0.2083740234375,0.2303466796875,0,0,0,0
108.tiff,a black and white image of a snake,Update Statement of Supplier Principles and disseminate it to all suppliers.,Monitor emerging risks and trends,Achieve 100% of suppliers to respond to Corporate Responsibility Questionnaire (CRQ) in all regions by 2019,"Finalize and implement supply chain policies for paper and paper products, IT and e-waste disposal and travel and logistics by 2019.",0.1212704315311248,0.0699717234883891,0.0536657543754499,0.1457172386153879,-0.07425694,-0.015573582,-0.07051555,-0.09648525,0.2177734375,0.2073974609375,0.22216796875,0.22802734375,0,0,0,0
109.tiff,a pixel with a black and white background,Update Statement of Supplier Principles and disseminate it to all suppliers.,Monitor emerging risks and trends,Achieve 100% of suppliers to respond to Corporate Responsibility Questionnaire (CRQ) in all regions by 2019,"Finalize and implement supply chain policies for paper and paper products, IT and e-waste disposal and travel and logistics by 2019.",0.0470128466521754,0.0662439151441764,0.0,0.1379540178324066,-0.025763776,-0.009504526,0.044188824,-0.06624449,0.2066650390625,0.1978759765625,0.2191162109375,0.211181640625,0,0,0,0
110.tiff,a black and white image of a dog,Update Statement of Supplier Principles and disseminate it to all suppliers.,Monitor emerging risks and trends,Achieve 100% of suppliers to respond to Corporate Responsibility Questionnaire (CRQ) in all regions by 2019,"Finalize and implement supply chain policies for paper and paper products, IT and e-waste disposal and travel and logistics by 2019.",0.1212704315311248,0.0699717234883891,0.0536657543754499,0.1457172386153879,-0.02437941,-0.0027075894,-0.0549054,0.013116176,0.2122802734375,0.2225341796875,0.219970703125,0.2210693359375,0,0,0,0
111.tiff,a pixel pixel with a white background,Update Statement of Supplier Principles and disseminate it to all suppliers.,Monitor emerging risks and trends,Achieve 100% of suppliers to respond to Corporate Responsibility Questionnaire (CRQ) in all regions by 2019,"Finalize and implement supply chain policies for paper and paper products, IT and e-waste disposal and travel and logistics by 2019.",0.0,0.0,0.0,0.0,-0.016360015,-0.025924789,0.07428837,-0.046585843,0.226318359375,0.2183837890625,0.2318115234375,0.214599609375,0,0,0,0
112.tiff,a black and white image of a barcode,Update Statement of Supplier Principles and disseminate it to all suppliers.,Monitor emerging risks and trends,Achieve 100% of suppliers to respond to Corporate Responsibility Questionnaire (CRQ) in all regions by 2019,"Finalize and implement supply chain policies for paper and paper products, IT and e-waste disposal and travel and logistics by 2019.",0.1212704315311248,0.0699717234883891,0.0536657543754499,0.1457172386153879,0.0028182855,0.03088808,-0.007778708,0.052107688,0.222412109375,0.2139892578125,0.229736328125,0.23193359375,0,0,0,0
113.tiff,a pixel pixel with a pixel in the middle,Update Statement of Supplier Principles and disseminate it to all suppliers.,Monitor emerging risks and trends,Achieve 100% of suppliers to respond to Corporate Responsibility Questionnaire (CRQ) in all regions by 2019,"Finalize and implement supply chain policies for paper and paper products, IT and e-waste disposal and travel and logistics by 2019.",0.0,0.0,0.0480444101642864,0.0,-0.027431965,-0.046801273,0.08641843,-0.07534166,0.2236328125,0.216552734375,0.2225341796875,0.2264404296875,0,0,0,0
114.png,a black and white image of a bull,Update Statement of Supplier Principles and disseminate it to all suppliers.,Monitor emerging risks and trends,Achieve 100% of suppliers to respond to Corporate Responsibility Questionnaire (CRQ) in all regions by 2019,"Finalize and implement supply chain policies for paper and paper products, IT and e-waste disposal and travel and logistics by 2019.",0.1212704315311248,0.0699717234883891,0.0536657543754499,0.1457172386153879,-0.002731706,0.031185053,-0.0447882,-0.038092356,0.23046875,0.215576171875,0.227294921875,0.2264404296875,0,0,0,0
115.jpg,a white sheet with a blue line on it,Update Statement of Supplier Principles and disseminate it to all suppliers.,Monitor emerging risks and trends,Achieve 100% of suppliers to respond to Corporate Responsibility Questionnaire (CRQ) in all regions by 2019,"Finalize and implement supply chain policies for paper and paper products, IT and e-waste disposal and travel and logistics by 2019.",0.0605785350491208,0.0,0.0,0.0334004682969803,0.07735861,0.059265595,0.06736393,0.15376098,0.239990234375,0.2178955078125,0.2305908203125,0.216064453125,0,0,0,0
116.tiff,a list of the different types of the different types of the different types of the different types of,Update Statement of Supplier Principles and disseminate it to all suppliers.,Monitor emerging risks and trends,Achieve 100% of suppliers to respond to Corporate Responsibility Questionnaire (CRQ) in all regions by 2019,"Finalize and implement supply chain policies for paper and paper products, IT and e-waste disposal and travel and logistics by 2019.",0.0991229045865544,0.0,0.0754911012373662,0.0,0.14239463,0.08924745,0.042699732,0.030162822,0.251220703125,0.2308349609375,0.2098388671875,0.227783203125,0,0,0,0
117.tiff,"a black and white image of a text that reads, ' the word is not in the same",Update Statement of Supplier Principles and disseminate it to all suppliers.,Monitor emerging risks and trends,Achieve 100% of suppliers to respond to Corporate Responsibility Questionnaire (CRQ) in all regions by 2019,"Finalize and implement supply chain policies for paper and paper products, IT and e-waste disposal and travel and logistics by 2019.",0.0674264769595934,0.038904345783597,0.0740285660823035,0.0810189252900805,0.052202903,0.001618268,-0.011733815,-0.029510584,0.1964111328125,0.19580078125,0.1785888671875,0.1883544921875,0,0,0,0
118.tiff,a black and white image of a cross,Update Statement of Supplier Principles and disseminate it to all suppliers.,Monitor emerging risks and trends,Achieve 100% of suppliers to respond to Corporate Responsibility Questionnaire (CRQ) in all regions by 2019,"Finalize and implement supply chain policies for paper and paper products, IT and e-waste disposal and travel and logistics by 2019.",0.1212704315311248,0.0699717234883891,0.0536657543754499,0.1457172386153879,-0.019439664,0.04604781,0.017866477,-0.030164516,0.1873779296875,0.2049560546875,0.1864013671875,0.201904296875,0,0,0,0
119.tiff,a black and white image of a barcode,Update Statement of Supplier Principles and disseminate it to all suppliers.,Monitor emerging risks and trends,Achieve 100% of suppliers to respond to Corporate Responsibility Questionnaire (CRQ) in all regions by 2019,"Finalize and implement supply chain policies for paper and paper products, IT and e-waste disposal and travel and logistics by 2019.",0.1212704315311248,0.0699717234883891,0.0536657543754499,0.1457172386153879,0.0028182855,0.03088808,-0.007778708,0.052107688,0.2242431640625,0.2177734375,0.227783203125,0.235107421875,0,0,0,0
